Number,Team Number,Prospect Name,Year,Overall Pick,Information,URLLink,OriginalTeam
1,24,Alexis Lafreniere,2020,1,,,0,
2,6,Quinton Byfield,2020,2,,,0,
3,21,Spencer Watson,2014,101,,,0,
4,28,Bowen Byram,2019,3,,,0,
5,29,Mattias Norlinder,2019,77,,,0,
6,15,Tim Stuetzle,2020,3,,,0,
7,12,Alex Turcotte,2019,4,,,0,
8,25,Lucas Raymond,2020,4,,,0,
9,22,Marco Rossi,2020,5,,,0,
10,10,Cole Perfetti,2020,6,,,0,
11,31,Jamie Drysdale,2020,7,,,0,
12,8,Trevor Zegras,2019,5,,,0,
13,8,Iaroslav Askarov,2020,8,,,0,
14,16,Jake Sanderson,2020,9,,,0,
15,18,Alexander Holtz,2020,10,,,0,
16,25,Seth Jarvis,2020,11,,,0,
17,25,Vasili Podkolzin,2019,6,,,0,
18,26,Oliver Wahlstrom,2018,8,,,0,
19,15,Jack Quinn,2020,12,,,0,
20,15,Evan Bouchard,2018,10,,,0,
21,11,Owen Tippett,2017,7,,,0,
22,31,Anton Lundell,2020,13,,,0,
23,14,Rodion Amirov,2020,14,,,0,
24,31,Dawson Mercer,2020,15,,,0,
25,17,Spencer Knight,2019,8,,,0,
26,8,Logan Stanley,2016,14,,,0,
27,24,Cole Caufield,2019,9,,,0,
28,31,Vitali Kravtsov,2018,11,,,0,
29,17,Dylan Cozens,2019,10,,,0,
30,31,Adam Beckman,2019,78,,,0,
31,2,Roby Jarventie,2020,16,,,0,
32,8,Dylan Holloway,2020,17,,,0,
33,11,Philip Broberg,2019,11,,,0,
34,25,Peyton Krebs,2019,12,,,0,
35,20,Lukas Reichel,2020,18,,,0,
36,25,Hendrix Lapierre,2020,19,,,0,
37,31,Connor Zary,2020,20,,,0,
38,16,Moritz Seider,2019,13,,,0,
39,30,Alex Newhook,2019,14,,,0,
40,25,Julien Gauthier,2016,23,,,0,
41,22,Yegor Chinakhov,2020,21,,,0,
42,1,Mavrik Bourque,2020,22,,,0,
43,1,Jacob Perreault,2020,23,,,0,
44,24,Kaiden Guhle,2020,24,,,0,
45,24,Joe Veleno,2018,15,,,0,
46,1,Adam Ruzicka,2017,93,,,0,
47,1,Josh Wesley,2014,103,,,0,
48,29,Riley Tufte,2016,26,,,0,
49,12,Ty Dellandrea,2018,16,,,0,
50,30,Helge Grans,2020,25,,,0,
51,19,Tyson Foerster,2020,26,,,0,
52,9,Braden Schneider,2020,27,,,0,
53,20,Brendan Brisson,2020,28,,,0,
54,15,John-Jason Peterka,2020,29,,,0,
55,9,Marat Khusnutdinov,2020,30,,,0,
56,17,Ozzy Wiesblatt,2020,31,,,0,
57,24,Ridly Greig,2020,32,,,0,
58,14,William Wallinder,2020,33,,,0,
59,18,Matthew Boldy,2019,15,,,0,
60,17,Ville Heinola,2019,16,,,0,
61,24,Croix Evingson,2017,215,,,0,
62,25,Justin Barron,2020,34,,,0,
63,10,Jerome Gauthier-Leduc,2010,97,,,0,
64,16,Grigori Denisenko,2018,17,,,0,
65,17,Lassi Thomson,2019,17,,,0,
66,29,Victor Soderstrom,2019,18,,,0,
67,23,Cam York,2019,19,,,0,
68,21,Pascal Laberge,2016,30,,,0,
69,1,Noel Gunler,2020,35,,,0,
70,10,Shakir Mukhamadullin,2020,36,,,0,
71,12,Josh Norris,2017,21,,,0,
72,17,Nils Hoglander,2019,20,,,0,
73,21,Serron Noel,2018,18,,,0,
74,12,Reilly Walsh,2017,94,,,0,
75,28,Thomas Harley,2019,21,,,0,
76,8,Tyler Benson,2016,33,,,0,
77,9,Jake Neighbours,2020,37,,,0,
78,31,Ryan O'Rourke,2020,38,,,0,
79,2,Ty Smith,2018,20,,,0,
80,8,Thomas Bordeleau,2020,39,,,0,
81,10,Cal Foote,2017,22,,,0,
82,25,Nicolas Beaudin,2018,21,,,0,
83,14,Philip Tomasino,2019,22,,,0,
84,16,Tristen Robins,2020,40,,,0,
85,14,Tobias Bjornfot,2019,23,,,0,
86,6,Jonatan Berggren,2018,22,,,0,
87,1,Samuel Poulin,2019,24,,,0,
88,18,Sam Colangelo,2020,41,,,0,
89,26,Kristian Vesalainen,2017,24,,,0,
90,6,Dominik Bokk,2018,23,,,0,
91,19,Jasper Weatherby,2018,120,,,0,
92,9,Drew Commesso,2020,42,,,0,
93,24,Cameron Morrison,2016,37,,,0,
94,31,K'Andre Miller,2018,24,,,0,
95,25,Emil Heineman,2020,43,,,0,
96,31,Nick Henry,2017,95,,,0,
97,30,Arthur Kaliyev,2019,25,,,0,
98,11,Jan Mysak,2020,44,,,0,
99,25,Vasiliy Ponomarev,2020,45,,,0,
100,28,Luke Evangelista,2020,46,,,0,
101,2,Joel Blomqvist,2020,47,,,0,
102,15,Ryan Suzuki,2019,26,,,0,
103,1,Yegor Korshkov,2016,40,,,0,
104,14,Connor McMichael,2019,27,,,0,
105,30,Jakob Pelletier,2019,28,,,0,
106,5,Ryan Merkley,2018,26,,,0,
107,24,Daniel Torgersson,2020,48,,,0,
108,3,Markus Phillips,2017,96,,,0,
109,12,Theodor Niederbach,2020,49,,,0,
110,9,Jack Finley,2020,50,,,0,
111,31,Pierre-Olivier Joseph,2017,31,,,0,
112,6,Filip Gustavsson,2016,43,,,0,
113,9,Jeremie Poirier,2020,51,,,0,
114,24,Luke Tuch,2020,52,,,0,
115,31,Tyler Parsons,2016,46,,,0,
116,11,Isaac Ratcliffe,2017,32,,,0,
117,10,Nolan Foote,2019,29,,,0,
118,28,Conor Timmins,2017,34,,,0,
119,31,Shane Bowers,2017,35,,,0,
120,31,Brayden Tracey,2019,30,,,0,
121,9,Yan Kuznetsov,2020,53,,,0,
122,15,Lukas Elvenes,2017,97,,,0,
123,6,Roni Hirvonen,2020,54,,,0,
124,5,Jason Robertson,2017,37,,,0,
125,5,Trent Miner,2019,130,,,0,
126,28,Simon Holmstrom,2019,31,,,0,
127,12,Cross Hanas,2020,55,,,0,
128,5,Raphael Lavoie,2019,32,,,0,
129,30,Jaret Anderson-Dolan,2017,39,,,0,
130,2,Tyler Kleven,2020,56,,,0,
131,19,William Bitten,2016,48,,,0,
132,12,Dylan Samberg,2017,41,,,0,
133,2,Nils Lundkvist,2018,28,,,0,
134,2,Akil Thomas,2018,29,,,0,
135,18,Jay O'Brien,2018,30,,,0,
136,24,Luke Martin,2017,42,,,0,
137,31,Aleksi Heponiemi,2017,43,,,0,
138,11,Jean-Luc Foudy,2020,57,,,0,
139,6,Kasper Simontaival,2020,58,,,0,
140,7,Jett Woo,2018,32,,,0,
141,12,John Beecher,2019,33,,,0,
142,9,Jonah Gadjovich,2017,44,,,0,
143,3,Egor Sokolov,2020,59,,,0,
144,5,Ukko-Pekka Luukkonen,2017,45,,,0,
145,20,Ryan McLeod,2018,33,,,0,
146,15,Jacob Olofsson,2018,34,,,0,
147,20,William Cuylle,2020,60,,,0,
148,11,Joni Ikonen,2017,46,,,0,
149,12,Antti Tuomisto,2019,34,,,0,
150,8,Nathan Bastian,2016,53,,,0,
151,23,Leevi Merilainen,2020,61,,,0,
152,19,Keaton Thompson,2013,98,,,0,
153,28,Marcus Davidsson,2017,47,,,0,
154,19,Jared McIsaac,2018,35,,,0,
155,6,Wade Allison,2016,55,,,0,
156,26,Jonathan Dahlen,2016,56,,,0,
157,12,Shane Pinto,2019,35,,,0,
158,7,Artur Kayumov,2016,57,,,0,
159,17,Gage Goncalves,2020,62,,,0,
160,16,Eric Roy,2013,102,,,0,
161,11,Jan Kostalek,2013,103,,,0,
162,6,Danil Gushchin,2020,63,,,0,
163,23,Filip Westerlund,2017,49,,,0,
164,1,Emil Andrae,2020,64,,,0,
165,9,Joni Jurmo,2020,65,,,0,
166,4,Anthony Florentino,2013,105,,,0,
167,17,Brock Faber,2020,66,,,0,
168,24,Topi Niemela,2020,67,,,0,
169,22,Rafael Harvey-Pinard,2019,207,,,0,
170,30,Samuel Fagemo,2019,36,,,0,
171,6,Eemil Viro,2020,68,,,0,
172,12,Michael DiPietro,2017,52,,,0,
173,9,Bode Wilde,2018,36,,,0,
174,6,Alexander Alexeyev,2018,37,,,0,
175,6,Ty Smilanic,2020,69,,,0,
176,8,Santeri Virtanen,2017,98,,,0,
177,13,Josh Anderson,2016,84,,,0,
178,2,Simon Johansson,2018,121,,,0,
179,24,Alex Laferriere,2020,70,,,0,
180,24,Brett Leason,2019,37,,,0,
181,15,Lukas Cormier,2020,71,,,0,
182,24,Ian Mitchell,2017,54,,,0,
183,25,Jacob Bernard-Docker,2018,38,,,0,
184,31,Filip Johansson,2018,39,,,0,
185,6,Mattias Samuelsson,2018,40,,,0,
187,3,Yegor Rykov,2016,172,,,0,
188,15,Alex Formenton,2017,55,,,0,
189,26,Bobby Brink,2019,38,,,0,
190,23,Linus Soderstrom,2014,107,,,0,
191,2,Markus Niemelainen,2016,63,,,0,
192,18,Mason Lohrei,2020,72,,,0,
193,2,Grant Mismash,2017,56,,,0,
194,8,James Greenway,2016,85,,,0,
195,5,Nick Robertson,2019,39,,,0,
196,15,Dmitri Samorukov,2017,99,,,0,
197,7,Jake Leschyshyn,2017,57,,,0,
198,14,Landon Slaggert,2020,73,,,0,
199,21,Daniel Audette,2014,108,,,0,
200,6,Jesse Ylonen,2018,41,,,0,
201,15,Nicolas Daws,2020,74,,,0,
202,24,Pyotr Kochetkov,2019,40,,,0,
203,31,Tyler Tucker,2018,200,,,0,
204,8,Ryan Johnson,2019,41,,,0,
205,15,Alexander Romanov,2018,42,,,0,
206,6,Daemon Hunt,2020,75,,,0,
207,1,Scott Perunovich,2018,43,,,0,
208,19,Anatoli Golyshev,2016,66,,,0,
209,3,Trevor Kuntar,2020,76,,,0,
210,9,Daniil Tarasov,2017,58,,,0,
211,21,Cam Dineen,2016,67,,,0,
212,14,Eemeli Rasanen,2017,59,,,0,
213,28,Martin Chromiak,2020,77,,,0,
214,7,Jack Drury,2018,44,,,0,
215,23,Matthew Hellickson,2017,216,,,0,
216,1,Cliff Pu,2016,68,,,0,
217,1,Luke Green,2016,69,,,0,
218,14,Maxim Groshev,2020,78,,,0,
219,6,Egor Afanasyev,2019,42,,,0,
220,9,Carter Savoie,2020,79,,,0,
221,4,Matthew Robertson,2019,43,,,0,
222,18,Adam Ginning,2018,45,,,0,
223,28,Zayde Wisdom,2020,80,,,0,
224,4,Justin Sourdif,2020,81,,,0,
225,1,Mason McDonald,2014,35,,,0,
226,4,Will Reilly,2017,217,,,0,
227,9,William Lockwood,2016,70,,,0,
228,1,Robin Salo,2017,61,,,0,
229,6,Calle Clang,2020,82,,,0,
230,10,Benoit-Olivier Groulx,2018,46,,,0,
231,22,Arvid Costmar,2019,208,,,0,
232,6,Jan Bednar,2020,83,,,0,
233,2,Kasper Bjorkqvist,2016,72,,,0,
235,1,Alexei Lipanov,2017,62,,,0,
236,31,Calen Addison,2018,47,,,0,
237,11,Dylan Peterson,2020,84,,,0,
238,13,Fabian Zetterlund,2017,63,,,0,
239,27,Wouter Peeters,2016,74,,,0,
240,31,Josh Brook,2017,64,,,0,
241,3,Donovan Sebrango,2020,85,,,0,
242,15,Zion Nybeck,2020,86,,,0,
243,5,Kody Clark,2018,48,,,0,
244,28,Jack Studnicka,2017,67,,,0,
245,9,Dylan Garand,2020,87,,,0,
246,18,Connor Hall,2016,75,,,0,
247,6,Sean Farrell,2020,88,,,0,
248,2,Matt Filipe,2016,76,,,0,
249,9,Blake Biondi,2020,89,,,0,
250,14,Artur Akhtyamov,2020,90,,,0,
251,29,Jonathan Kovacevic,2017,70,,,0,
252,23,Ruslan Iskhakov,2018,49,,,0,
253,7,Matthew Strome,2017,71,,,0,
254,3,Daniil Chechelev,2020,91,,,0,
255,25,Jakub Zboril,2015,20,,,0,
256,25,Nikita Alexandrov,2019,44,,,0,
257,8,Alban Eriksson,2018,50,,,0,
258,28,Michael Benning,2020,92,,,0,
259,21,Jonas Rondbjerg,2017,72,,,0,
260,28,Jaromir Pytlik,2020,93,,,0,
261,11,Evan Barratt,2017,100,,,0,
262,15,Filip Hallander,2018,51,,,0,
263,6,Vladislav Firstov,2019,45,,,0,
264,6,Olof Lindbom,2018,52,,,0,
265,13,William Villeneuve,2020,94,,,0,
266,6,Tyler Tullio,2020,95,,,0,
267,6,Antonio Stranges,2020,96,,,0,
268,19,Hudson Elynuik,2016,87,,,0,
269,19,Louis Belpedio,2014,111,,,0,
270,31,Luke Prokop,2020,97,,,0,
271,8,Jack Lafontaine,2016,88,,,0,
272,2,Linus Lindstrom,2016,82,,,0,
273,15,Adam Brooks,2016,83,,,0,
274,12,Ian Moore,2020,98,,,0,
275,24,Nikita Popugaev,2017,73,,,0,
276,18,Mads Sogaard,2019,46,,,0,
277,18,Tom Nilsson,2011,92,,,0,
278,12,Keith Petruzzelli,2017,74,,,0,
279,6,Andrei Altybarmakyan,2017,75,,,0,
280,30,Jacob Moverare,2016,90,,,0,
281,21,Jack Kopacka,2016,91,,,0,
282,20,Max Gildon,2017,76,,,0,
283,6,Jonny Tychonick,2018,53,,,0,
284,6,Jake Wise,2018,54,,,0,
285,30,Jamieson Rees,2019,47,,,0,
286,12,Samuel Knazko,2020,99,,,0,
287,28,Vladislav Kolyachonok,2019,48,,,0,
288,14,Alexander Nikishin,2020,100,,,0,
289,18,Kirill Marchenko,2018,55,,,0,
290,8,Brett Berard,2020,101,,,0,
292,20,Anthony Camara,2011,98,,,0,
293,5,Wyatt Kaiser,2020,102,,,0,
294,11,Jordan Sambrook,2016,94,,,0,
295,3,Matthew Cairns,2016,95,,,0,
296,19,Brandon Coe,2020,103,,,0,
297,9,Adam Wilsby,2020,104,,,0,
298,26,Eric Cornel,2014,44,,,0,
299,21,Scott Walford,2017,79,,,0,
300,9,Lukas Svejkovsky,2020,105,,,0,
301,5,Kevin Bahl,2018,57,,,0,
302,1,Veeti Miettinen,2020,106,,,0,
303,19,Dmitry Ovchinnikov,2020,107,,,0,
304,10,Gabriel Fortier,2018,58,,,0,
305,14,Jackson Hallum,2020,108,,,0,
306,28,Jack McBain,2018,59,,,0,
307,29,Linus Nassen,2016,98,,,0,
308,6,Alexander Pashin,2020,109,,,0,
309,19,Ivan Morozov,2018,60,,,0,
310,29,Drew Helleson,2019,49,,,0,
311,22,Radim Salda,2018,190,,,0,
312,23,Sean Durzi,2018,61,,,0,
313,6,Eamon Powell,2020,110,,,0,
314,1,Eetu Tuulola,2016,99,,,0,
315,6,Robert Mastrosimone,2019,50,,,0,
316,23,Mikael Pyyhtia,2020,111,,,0,
317,8,Pavel Dorofeyev,2019,51,,,0,
318,26,David Farrance,2017,80,,,0,
319,2,Niklas Nordgren,2018,62,,,0,
320,1,Lane Zablocki,2017,81,,,0,
321,28,Alex Vlasic,2019,52,,,0,
322,22,Ivan Lodnia,2017,82,,,0,
323,8,MacKenzie Entwistle,2017,83,,,0,
324,26,Connor Hurley,2013,43,,,0,
325,12,Kasper Kotkansalo,2017,84,,,0,
326,15,Evan Vierling,2020,112,,,0,
327,29,Jakub Lauko,2018,63,,,0,
328,14,Sam Stange,2020,113,,,0,
329,15,Ostap Safin,2017,85,,,0,
330,21,Cole Candella,2016,102,,,0,
331,31,Axel Andersson,2018,64,,,0,
332,7,Colton Point,2016,103,,,0,
333,19,Martin Fehervary,2018,65,,,0,
334,4,Jonas Johansson,2014,49,,,0,
335,30,Tyler Madden,2018,66,,,0,
336,13,Casey Fitzgerald,2016,104,,,0,
337,23,Colby Ambrosio,2020,114,,,0,
338,24,Bogdan Trineyev,2020,115,,,0,
339,6,Anton Johannesson,2020,116,,,0,
340,6,Kaedan Korczak,2019,53,,,0,
341,26,Stuart Skinner,2017,87,,,0,
342,15,Jack Thompson,2020,117,,,0,
343,24,Scott Reedy,2017,88,,,0,
344,24,Dakota Joshua,2014,154,,,0,
345,19,Alex Cotton,2020,118,,,0,
346,4,Leo Loof,2020,119,,,0,
347,7,Samuel Kurker,2012,62,,,0,
348,18,Nikita Okhotyuk,2019,79,,,0,
349,18,Alexander Ljungkrantz,2020,120,,,0,
350,2,Fredrik Karlstrom,2016,107,,,0,
351,18,Jan Jenik,2018,67,,,0,
352,16,Cameron Crotty,2017,101,,,0,
353,4,Nick Sorensen,2013,47,,,0,
354,29,Oliver Tarnstrom,2020,121,,,0,
355,14,Jackson LaCombe,2019,54,,,0,
356,21,Matthew Stienburg,2019,55,,,0,
357,6,Mitchell Miller,2020,122,,,0,
358,7,Otto Somppi,2016,108,,,0,
359,6,Alexander Khovanov,2018,68,,,0,
360,6,Patrik Puistola,2019,56,,,0,
361,31,Zachary Gallant,2017,89,,,0,
362,15,Albin Grewe,2019,57,,,0,
363,3,Thimo Nickl,2020,123,,,0,
364,19,Zach Nastasiuk,2013,49,,,0,
365,26,Tarmo Reunanen,2016,110,,,0,
366,15,Connor McClennon,2020,124,,,0,
367,14,Jackson Kunz,2020,125,,,0,
368,7,Dillon Hamaliuk,2019,58,,,0,
369,26,Blake McLaughlin,2018,69,,,0,
370,8,Marco Roy,2013,50,,,0,
371,5,Artemi Kniazev,2019,59,,,0,
372,31,Cam Hillis,2018,70,,,0,
373,26,Maksim Zhukov,2017,90,,,0,
374,28,Olivier Rodrigue,2018,71,,,0,
375,19,Paul Bittner,2015,27,,,0,
376,9,Seth Barton,2018,72,,,0,
377,9,Sampo Ranta,2018,73,,,0,
378,8,Nate Schnarr,2017,91,,,0,
379,9,Artyom Galimov,2020,126,,,0,
380,24,Alexander Campbell,2019,80,,,0,
381,14,Mikhail Maltsev,2016,112,,,0,
382,11,Bulat Shafigullin,2018,74,,,0,
383,6,Alec Regula,2018,75,,,0,
384,30,Drake Rymsha,2017,92,,,0,
385,6,Devon Levi,2020,127,,,0,
386,5,Ryan Francis,2020,128,,,0,
387,24,Maksim Berezkin,2020,129,,,0,
388,22,Liam Kirk,2018,76,,,0,
389,10,Hunter Jones,2019,60,,,0,
390,9,Kale Howarth,2017,103,,,0,
391,15,Carson Bantle,2020,130,,,0,
392,20,Vaclav Karabacek,2014,56,,,0,
393,6,Jakub Skarek,2018,77,,,0,
394,24,Tyler Inamoto,2017,104,,,0,
396,20,Aapeli Rasanen,2016,115,,,0,
397,14,Jake Boltmann,2020,131,,,0,
398,11,Allan McShane,2018,78,,,0,
399,5,Vladimir Bobylev,2016,116,,,0,
400,11,Jordan Stallard,2016,117,,,0,
401,14,Joonas Lehtivuori,0,0,,,0,
402,8,Yevgeni Oksentyuk,2020,132,,,0,
403,26,Mitchell Mattson,2016,118,,,0,
404,31,Samuel Bolduc,2019,61,,,0,
405,17,Nathan Legare,2019,62,,,0,
406,26,Alex Jefferies,2020,133,,,0,
407,26,Filip Berglund,2016,120,,,0,
408,29,Maxim Shalunov,2011,122,,,0,
409,9,Parker Foo,2017,107,,,0,
410,4,Ivan Chekhovich,2017,108,,,0,
411,9,Samuel Johannesson,2020,134,,,0,
412,20,Bradley Ross,2010,33,,,0,
413,21,David Quenneville,2016,121,,,0,
414,17,Noel Hoefenmayer,2017,110,,,0,
415,28,Ilya Nikolaev,2019,63,,,0,
416,15,Oskar Magnusson,2020,135,,,0,
417,20,Dillon Heatherington,2013,58,,,0,
418,6,Philipp Kurashev,2018,79,,,0,
419,12,Michael Krutil,2020,136,,,0,
420,2,Max Zimmer,2016,123,,,0,
421,11,Brett Murray,2016,124,,,0,
422,23,Alexandr Darin,2019,112,,,0,
423,1,Brandon Hickey,2014,58,,,0,
424,8,Joshua Jacobs,2014,59,,,0,
425,20,Nicholas Caamano,2016,125,,,0,
426,16,Patrick Harper,2016,126,,,0,
427,15,Karl Henriksson,2019,64,,,0,
428,12,Bear Hughes,2020,137,,,0,
429,5,Lukas Dostal,2018,80,,,0,
430,23,Philippe Desrosiers,2013,68,,,0,
431,16,Tyler Soy,2016,127,,,0,
432,19,Kirill Ustimenko,2017,113,,,0,
433,11,Ben Mirageas,2017,114,,,0,
434,15,Antti Saarela,2019,113,,,0,
435,26,Pavel Novak,2020,138,,,0,
436,27,Nick Ebert,2012,84,,,0,
438,8,Oskar Back,2018,81,,,0,
439,6,Matej Pekar,2018,82,,,0,
440,26,Jaydon Dureau,2020,139,,,0,
441,7,Semyon Der-Arguchintsev,2018,83,,,0,
442,31,Kyle Olson,2017,115,,,0,
443,2,Juho Markkanen,2020,140,,,0,
444,11,Graham McPhee,2016,131,,,0,
445,8,Daniel Ljungman,2020,141,,,0,
447,11,Nicolas Mattinen,2016,132,,,0,
448,12,Ben Meehan,2020,142,,,0,
449,12,Linus Hogberg,2016,133,,,0,
450,5,Linus Karlsson,2018,84,,,0,
451,1,Noah Cates,2017,118,,,0,
452,5,Jacob Cederholm,2016,134,,,0,
453,5,Jack Badini,2017,119,,,0,
454,13,Ilya Sorokin,2014,63,,,0,
455,9,Lars Volden,2011,129,,,0,
456,23,Peter Diliberatore,2018,191,,,0,
457,4,Justus Annunen,2018,85,,,0,
458,22,Denis Smirnov,2017,120,,,0,
459,8,Jayden Struble,2019,65,,,0,
460,15,Mathias From,2016,135,,,0,
461,26,Jacob Truscott,2020,143,,,0,
462,26,Dmitry Zlodeyev,2020,144,,,0,
463,19,Rory Kerins,2020,145,,,0,
464,15,Slava Demin,2018,86,,,0,
465,1,William Dufour,2020,146,,,0,
466,15,Jonathan Gruden,2018,87,,,0,
467,28,Joel Hofer,2018,88,,,0,
468,28,Jack Smith,2020,147,,,0,
469,6,Maxim Cajkovic,2019,66,,,0,
470,24,Thomas Novak,2015,34,,,0,
471,13,Garrett Meurs,2011,139,,,0,
472,5,Oskari Laaksonen,2017,121,,,0,
473,6,Danila Zhuravlyov,2018,122,,,0,
474,24,Cole Fonstad,2018,89,,,0,
475,23,Zachary Uens,2020,148,,,0,
476,9,Amir Miftakhov,2020,149,,,0,
477,6,Alex Beaucage,2019,67,,,0,
478,8,Jakob Ragnarsson,2018,90,,,0,
479,25,Anttoni Honka,2019,68,,,0,
480,26,Timothy Gettinger,2016,137,,,0,
481,6,Ty Emberson,2018,91,,,0,
482,23,Nico Gross,2018,92,,,0,
483,11,Ronan Seeley,2020,150,,,0,
484,9,Ethan Edwards,2020,151,,,0,
485,27,Sebastian Repo,2017,122,,,0,
486,14,Artem Shlaine,2020,152,,,0,
487,15,Dmitry Zavgorodniy,2018,93,,,0,
489,2,Roman Durny,2018,94,,,0,
490,5,Arseny Gritsyuk,2019,131,,,0,
491,27,Pavel Koltygin,2017,124,,,0,
492,15,Kasper Puutio,2020,153,,,0,
493,14,Adam Gilmour,2012,92,,,0,
494,11,Raivis Ansons,2020,154,,,0,
495,13,Alexander Delnov,2012,93,,,0,
496,14,Mason Primeau,2019,114,,,0,
497,9,Linus Oberg,2020,155,,,0,
498,28,Tanner Dickinson,2020,156,,,0,
499,8,Maxim Letunov,2014,68,,,0,
500,20,Tanner Laczynski,2016,139,,,0,
501,29,Clayton Phillips,2017,125,,,0,
502,21,Keegan Iverson,2014,69,,,0,
503,7,Ole Julian Bjorgvik-Holm,2020,157,,,0,
504,6,Albert Johansson,2019,69,,,0,
505,21,Simon Lundmark,2019,70,,,0,
506,11,Louis Crevier,2020,158,,,0,
507,28,Jesper Vikman,2020,159,,,0,
508,12,Elliot Desnoyers,2020,160,,,0,
509,5,Evan Cormier,2016,142,,,0,
510,29,Igor Bobkov,2009,63,,,0,
511,29,Matteo Costantini,2020,161,,,0,
512,29,Ryder Rolston,2020,162,,,0,
513,8,Luke Reid,2020,163,,,0,
514,8,Alfons Malmstrom,2016,143,,,0,
515,28,Liam Gorman,2018,192,,,0,
516,14,Ryan Mantha,2014,115,,,0,
517,8,Daniel Altshuller,2012,102,,,0,
518,19,Rinat Valiev,2014,74,,,0,
519,13,Hardy Haman-Aktell,2016,144,,,0,
520,26,Axel Rindell,2020,164,,,0,
521,21,D'Artagnan Joly,2017,128,,,0,
522,31,Riley Stotts,2018,95,,,0,
523,26,Alexander Gordin,2020,165,,,0,
524,12,Lukas Parik,2019,71,,,0,
525,9,Viktor Persson,2020,166,,,0,
526,24,Malte Setkov,2017,129,,,0,
527,15,Brycen Martin,2014,76,,,0,
528,5,Alex Dostie,2016,146,,,0,
529,22,Olle Eriksson-Ek,2017,130,,,0,
530,11,Dylan Ferguson,2017,131,,,0,
531,28,Adam Raska,2020,167,,,0,
532,30,Ronnie Attard,2019,72,,,0,
533,1,Mikko Kokkonen,2019,73,,,0,
534,1,Milos Roman,2018,96,,,0,
535,17,Brandon Hagel,2016,149,,,0,
536,27,David Bernhardt,2016,150,,,0,
537,27,Jack Rathbone,2017,132,,,0,
538,8,Damien Riat,2016,173,,,0,
539,28,Gunnarwolfe Fontaine,2020,168,,,0,
540,26,Declan McDonnell,2020,169,,,0,
541,26,Isaak Phillips,2020,170,,,0,
542,12,Lucas Mercuri,2020,171,,,0,
543,29,Benjamin Baumgartner,2020,172,,,0,
544,6,Daniil Misyul,2019,74,,,0,
545,26,Austin Wong,2018,193,,,0,
546,27,Matias Rajaniemi,2020,173,,,0,
547,11,Travis Barron,2016,152,,,0,
548,12,John Farinacci,2019,75,,,0,
549,16,Felix Sandstrom,2015,40,,,0,
550,19,Jacob Bryson,2017,133,,,0,
551,26,Noah Ellis,2020,174,,,0,
552,30,Aidan Dudas,2018,98,,,0,
553,30,Filip Cederqvist,2019,115,,,0,
554,27,Riley Sutter,2018,99,,,0,
555,14,Aliaksei Protas,2019,76,,,0,
556,5,Eetu Makiniemi,2017,134,,,0,
557,24,Cole Fraser,2017,135,,,0,
558,31,Graeme Clarke,2019,81,,,0,
559,27,Petr Kvaca,2017,136,,,0,
560,16,Xavier Bernard,2018,100,,,0,
561,4,Tim Soderlund,2017,137,,,0,
562,26,Joey LaLeggia,2012,120,,,0,
563,5,Jordan Harris,2018,101,,,0,
564,28,Jeremy Swayman,2017,138,,,0,
565,31,David Noel,2017,139,,,0,
566,11,Ty Ronning,2016,154,,,0,
567,25,Garin Bjorklund,2020,175,,,0,
568,31,Logan Hutsko,2018,102,,,0,
569,20,Mattias Elfstrom,2016,155,,,0,
570,30,Tyce Thompson,2019,116,,,0,
571,23,Maksim Sushko,2017,140,,,0,
572,28,Layton Ahac,2019,82,,,0,
573,9,Eric Engstrand,2020,176,,,0,
574,15,Curtis Hall,2018,103,,,0,
575,26,Bryce Misley,2017,141,,,0,
576,12,Remi Poirier,2020,177,,,0,
577,10,Nils Aman,2020,178,,,0,
578,2,Kienan Draper,2020,179,,,0,
579,7,Fredrik Olofsson,2014,117,,,0,
580,15,Jake Ryczek,2016,158,,,0,
581,15,Jake Walman,2014,83,,,0,
582,14,Nikolai Chebykin,2016,159,,,0,
584,2,Markus Nurmi,2016,161,,,0,
585,27,Marcus Karlberg,2018,104,,,0,
586,31,Luke Henman,2018,105,,,0,
587,19,Will Cranley,2020,180,,,0,
588,25,Jesper Eliasson,2018,106,,,0,
589,4,Ilya Konovalov,2019,83,,,0,
590,15,Thomas di Pauli,2012,136,,,0,
591,21,Vojtech Budik,2016,162,,,0,
592,25,Peter Thome,2016,163,,,0,
593,21,Niklas Hansson,2013,82,,,0,
594,2,Noah Beck,2020,181,,,0,
595,20,Joshua Brown,2013,167,,,0,
596,23,Eamon McAdam,2013,83,,,0,
597,8,Michael Vukojevic,2019,84,,,0,
598,23,Joey Keane,2018,107,,,0,
599,22,Tyler Wall,2016,164,,,0,
600,19,Elliot Ekmark,2020,182,,,0,
601,22,Jeremy Michel,2019,209,,,0,
602,1,Martin Pospisil,2018,108,,,0,
603,26,Filip Engaras,2020,183,,,0,
604,26,Hugo Ollas,2020,184,,,0,
605,26,Henrik Tikkanen,2020,185,,,0,
606,23,Roope Laavainen,2017,142,,,0,
607,17,Jakub Dobes,2020,186,,,0,
608,12,Oskar Steen,2016,166,,,0,
609,27,William Lagesson,2014,90,,,0,
610,14,Gabriel Beaupre,2011,158,,,0,
611,29,Nick Pastujov,2016,174,,,0,
612,27,Philippe Daoust,2020,187,,,0,
613,15,Zac Jones,2019,85,,,0,
614,4,Albert Lyckasen,2020,188,,,0,
615,2,Joona Koppanen,2016,167,,,0,
616,29,Nathan Smith,2018,109,,,0,
617,22,Matt Rempe,2020,189,,,0,
618,9,Michael Prapavessis,2014,119,,,0,
619,8,Brendan Woods,2012,145,,,0,
620,15,Kyle Wood,2014,91,,,0,
621,21,Miles Gendron,2014,92,,,0,
622,21,Blake Siebenaler,2014,93,,,0,
623,18,Gianni Fairbrother,2019,86,,,0,
624,11,Chase Yoder,2020,190,,,0,
625,22,Chad Yetman,2020,191,,,0,
626,8,Liam Hawel,2017,145,,,0,
627,22,Cole Reinhardt,2020,192,,,0,
628,27,Ethan Keppen,2019,87,,,0,
629,22,Matthew Kessel,2020,193,,,0,
630,1,Filip Kral,2018,110,,,0,
631,31,Jordan Spence,2019,88,,,0,
633,22,Andrei Svetlakov,2017,146,,,0,
634,28,Konstantin Volkov,2016,176,,,0,
635,2,Toni Utunen,2018,111,,,0,
636,10,Matt Mahalak,2011,160,,,0,
637,14,Colten Ellis,2019,89,,,0,
638,2,Petrus Palmu,2017,147,,,0,
639,8,Dmitri Semykin,2018,112,,,0,
640,4,Mason Langenbrunner,2020,194,,,0,
641,20,Sondre Olden,2010,59,,,0,
642,22,Nick Capone,2020,195,,,0,
643,18,Albin Sundsvik,2020,196,,,0,
644,23,Jacob Peterson,2017,149,,,0,
645,1,Vasily Glotov,2016,178,,,0,
646,17,Dustin Wolf,2019,117,,,0,
647,27,Linus Olund,2017,150,,,0,
648,15,Connor Dewar,2018,113,,,0,
649,22,Tyrel Bauer,2020,197,,,0,
650,30,Blade Jenkins,2018,114,,,0,
651,7,Brett McKenzie,2016,179,,,0,
652,10,Mac Bennett,2009,84,,,0,
653,22,Aatu Jamsen,2020,198,,,0,
654,8,Ben Thomas,2014,98,,,0,
655,11,Jacob Paquette,2017,151,,,0,
656,25,Henri Nikkanen,2019,90,,,0,
657,28,Curtis Douglas,2018,115,,,0,
658,15,Casey Staum,2016,181,,,0,
659,18,Ryan O'Reilly,2018,116,,,0,
660,15,Aaron Huglen,2019,118,,,0,
661,23,Jonathan Dugan,2017,152,,,0,
662,29,Harrison Blaisdell,2019,91,,,0,
663,10,Jase Weslosky,0,0,,,0,
664,21,Dysin Mayo,2014,99,,,0,
665,4,Logan Cockerill,2017,153,,,0,
666,18,Tomas Vomacka,2017,154,,,0,
667,17,Jason Kasdorf,2011,166,,,0,
668,11,Wyatt Schingoethe,2020,199,,,0,
669,10,Brent Pedersen,2013,113,,,0,
670,31,Demetrios Koumontzis,2018,117,,,0,
671,3,Matthew Thiessen,2018,194,,,0,
672,30,Riley Damiani,2018,118,,,0,
673,29,Michael Karow,2017,156,,,0,
674,31,Tobias Geisser,2017,157,,,0,
675,13,Christopher Clapperton,2013,115,,,0,
676,31,Quinn Olson,2019,92,,,0,
677,11,Collin Adams,2016,183,,,0,
678,15,Beau Starrett,2014,100,,,0,
679,5,Jake Pivonka,2018,119,,,0,
680,22,Jakub Konecny,2020,200,,,0,
681,3,Erik Portillo,2019,93,,,0,
682,1,Olle Lycksell,2017,159,,,0,
683,9,Giovanni Vallati,2018,123,,,0,
685,19,Joe Miller,2020,201,,,0,
686,2,Matias Maccelli,2019,94,,,0,
687,19,Vladislav Kara,2017,160,,,0,
688,5,Ryan Jones,2016,186,,,0,
689,31,Ethan Phillips,2019,95,,,0,
690,2,Kyle Aucoin,2020,202,,,0,
691,21,Reece Scarlett,2011,173,,,0,
692,13,Jakob Stenqvist,2016,187,,,0,
693,7,Ilya Solovyov,2020,203,,,0,
694,14,Tyler Bird,2014,121,,,0,
695,22,Linus Weissbach,2017,162,,,0,
696,3,Matej Blumel,2019,96,,,0,
697,20,Garret Ross,2012,169,,,0,
698,11,Chase Bradley,2020,204,,,0,
699,29,Max Gortz,2012,170,,,0,
700,4,Ethan Bowen,2020,205,,,0,
701,14,Fedor Gordeev,2017,163,,,0,
702,31,Arnaud Durandeau,2017,164,,,0,
703,31,Justin Almeida,2018,124,,,0,
704,27,Jack Adams,2017,165,,,0,
706,5,Shane Eiserman,2014,123,,,0,
707,22,Maxim Marushev,2020,206,,,0,
708,26,Jeremias Lindewall,2020,207,,,0,
709,29,C.J. Suess,2014,155,,,0,
710,20,Joachim Blichfeld,2016,188,,,0,
711,1,Anthony Salinitri,2016,189,,,0,
712,24,Aarne Talvitte,2017,166,,,0,
713,14,Jordan Hollett,2017,167,,,0,
714,26,Riley Duran,2020,208,,,0,
715,23,Filip Larsson,2016,191,,,0,
716,29,Michael Pezzetta,2016,192,,,0,
717,3,Michal Teply,2019,97,,,0,
718,26,Timofey Spitserov,2020,209,,,0,
719,17,Ben McCartney,2020,210,,,0,
720,2,Hugo Alnefelt,2019,98,,,0,
721,19,Mac Hollowell,2018,125,,,0,
722,17,Tyler Weiss,2018,126,,,0,
723,12,Paul Cotter,2018,127,,,0,
724,9,Elliot Ekefjard,2020,211,,,0,
725,25,Petteri Lindbohm,2012,183,,,0,
726,6,Yegor Spiridonov,2019,99,,,0,
727,26,Alex Young,2020,212,,,0,
728,24,Skyler Brind'Amour,2017,169,,,0,
729,3,Brandon Saigeon,2018,128,,,0,
730,30,Mattias Lindstrom,2009,91,,,0,
731,9,Aaron Irving,2014,127,,,0,
732,5,Patrick Kudla,2016,194,,,0,
733,28,John Ludvig,2019,100,,,0,
734,15,Jachym Kondelik,2018,129,,,0,
735,14,Arvid Holm,2017,170,,,0,
736,1,Alexis Gravel,2018,130,,,0,
737,2,Filip Barklund,2020,213,,,0,
738,8,Dominik Lakatos,2017,171,,,0,
739,29,Pavel Kraskovsky,2014,128,,,0,
740,14,Noah Carroll,2016,196,,,0,
741,22,Nick Swaney,2017,172,,,0,
742,14,Ryan O'Connell,2017,173,,,0,
743,18,Filip Sveningsson,2017,174,,,0,
744,22,John Fusco,2020,214,,,0,
745,12,John St. Ivany,2018,131,,,0,
746,10,Mark Shoemaker,2016,197,,,0,
747,31,Lenni Killinen,2018,132,,,0,
748,3,Lucas Feuk,2019,101,,,0,
749,31,Mason Millman,2019,102,,,0,
750,13,Miguel Fidler,2014,156,,,0,
751,24,Calle Sjalin,2017,175,,,0,
752,22,Chase McLane,2020,215,,,0,
753,28,Ryder Donovan,2019,103,,,0,
754,14,Peter Ceresnak,2011,184,,,0,
755,8,Merrick Madsen,2013,174,,,0,
756,20,Francis Perron,2014,131,,,0,
757,24,Kirill Tyutyayev,2019,181,,,0,
758,28,Akira Schmid,2018,133,,,0,
759,22,Ryan Tverberg,2020,216,,,0,
760,31,Mikhail Abramov,2019,104,,,0,
761,23,Dean Stewart,2016,198,,,0,
762,1,Angus Crookshank,2018,134,,,0,
763,30,Henry Thrun,2019,105,,,0,
764,29,Tuukka Tieksola,2019,106,,,0,
765,18,Ryan Lohin,2016,200,,,0,
767,13,David Pope,2013,121,,,0,
768,18,Domenick Fensore,2019,107,,,0,
769,2,Leevi Aaltonen,2019,108,,,0,
770,3,Nikolaj Krag Christensen,2016,201,,,0,
772,27,Mikael Hakkarainen,2018,135,,,0,
773,1,Matvey Guskov,2019,109,,,0,
774,3,Dmitriy Zaitsev,2016,202,,,0,
775,29,Spencer Stastney,2018,136,,,0,
776,8,Brett Davis,2017,176,,,0,
777,3,Jacob Golden,2017,177,,,0,
779,8,Vincent Desharnais,2016,203,,,0,
780,31,Cole Guttman,2017,178,,,0,
783,9,Lauri Pajuniemi,2018,137,,,0,
784,6,Jakub Galvas,2017,179,,,0,
785,13,Filip Helt,2016,204,,,0,
786,18,Linus Lindstrand Kronholm,2018,138,,,0,
787,6,Nikolai Kovalenko,2018,139,,,0,
788,26,Arvid Henrikson,2016,205,,,0,
789,2,Adam Smith,2016,206,,,0,
793,14,Fabrice Herzog,2013,122,,,0,
794,31,Sasha Mutala,2019,119,,,0,
795,6,Semyon Chystyakov,2019,132,,,0,
796,20,Henry Rybinski,2019,110,,,0,
797,12,Samuel Ersson,2018,141,,,0,
798,19,Jackson Perbix,2018,142,,,0,
800,28,Sebastian Walfridsson,2017,180,,,0,
801,10,Jamie Phillips,2012,205,,,0,
802,2,Joonas Lyytinen,2014,140,,,0,
803,3,Erik Walli-Walterholm,2017,181,,,0,
804,4,Marshall Warren,2019,111,,,0,
805,26,Austin Osmanski,2016,207,,,0,
806,18,Victor Berglund,2017,182,,,0,
807,28,Jiri Patera,2017,183,,,0,
808,19,Dmitry Voronkov,2019,120,,,0,
809,21,Benjamin Finkelstein,2016,208,,,0,
810,17,Brayden Chizen,2016,209,,,0,
811,8,Reid Duke,2014,142,,,0,
813,29,Jacob McGrew,2017,184,,,0,
814,24,David Hrenak,2018,143,,,0,
815,24,Morgan Barron,2017,185,,,0,
816,28,Nick Campoli,2017,186,,,0,
820,31,Cole Hults,2017,188,,,0,
821,2,Patrik Virta,2017,189,,,0,
822,30,Viktor Lodin,2019,121,,,0,
824,7,Andrei Popov,0,0,,,0,
825,30,Reilly Webb,2017,190,,,0,
826,18,Cole Schwindt,2019,122,,,0,
827,31,Nicholas Porco,2019,123,,,0,
828,17,Zachary Pochiro,2013,132,,,0,
829,20,Vladislav Yeryomenko,2018,144,,,0,
830,5,Benton Maass,2017,191,,,0,
832,15,Teemu Kivihalme,2013,135,,,0,
834,31,Reece Newkirk,2019,124,,,0,
835,1,Mattias Emilio Pettersen,2018,145,,,0,
839,11,Robin Kovacs,2015,51,,,0,
842,11,Kristoffer Gunnarsson,2017,193,,,0,
843,2,Marcus Kallionkieli,2019,125,,,0,
844,15,Shane Gersich,2014,148,,,0,
846,25,Mathias Laferriere,2018,146,,,0,
847,22,Carson Meyer,2017,194,,,0,
848,22,Kristian Roykas-Marthinsen,2017,195,,,0,
850,24,Brady Gilmour,2017,197,,,0,
851,15,Xavier Bouchard,2018,147,,,0,
852,19,Rushan Rafikov,2013,145,,,0,
853,14,Jack Gorniak,2018,148,,,0,
854,7,Marc Del Gaizo,2019,126,,,0,
855,31,Nicklaus Perbix,2017,198,,,0,
856,26,Philip Kemp,2017,199,,,0,
857,3,Robbie Stucker,2017,200,,,0,
858,3,Ryan McGregor,2017,201,,,0,
859,3,Ivan Nalimov,2014,150,,,0,
860,25,Daniel Bukac,2017,202,,,0,
861,5,Damian Giroux,2018,149,,,0,
862,5,Alex Green,2018,150,,,0,
863,8,Cade Webber,2019,127,,,0,
864,30,Carter Berger,2019,128,,,0,
865,28,Cedric Pare,2017,203,,,0,
866,2,Judd Caulfield,2019,129,,,0,
867,20,Connor Corcoran,2018,151,,,0,
869,15,Eric Ciccolini,2019,133,,,0,
870,20,Dennis Busby,2018,152,,,0,
871,23,Trenton Bourque,2017,204,,,0,
872,4,Rhett Pitlick,2019,134,,,0,
873,7,Wyatte Wylie,2018,153,,,0,
874,2,Ville Rasanen,2017,205,,,0,
876,23,Ivan Prosvetov,2018,154,,,0,
877,20,Robin Norell,2013,152,,,0,
879,28,Nick Leivermann,2017,207,,,0,
881,20,Louis-Marc Aubry,2010,84,,,0,
882,9,Filip Lindberg,2019,135,,,0,
883,17,Anton Andersson,2017,208,,,0,
887,21,Jakov Novak,2018,196,,,0,
888,27,Yegor Zaitsev,2017,209,,,0,
889,17,Terrance Amorosa,2013,159,,,0,
891,5,Liam Coughlin,2014,159,,,0,
892,31,Brandon Kruse,2018,155,,,0,
893,27,Josh Ess,2017,210,,,0,
895,28,Samuel Walker,2017,212,,,0,
896,7,Wyatt Kalynuk,2017,213,,,0,
897,27,Ben Jones,2017,214,,,0,
898,29,Declan Chisholm,2018,156,,,0,
899,9,Wiley Sherman,2013,179,,,0,
901,24,Pontus Holmberg,2018,157,,,0,
902,12,Johan Sodergran,2018,158,,,0,
904,2,Victor Brattstrom,2018,159,,,0,
905,31,Samuel Houde,2018,160,,,0,
906,29,Owen Lindmark,2019,136,,,0,
907,7,Aku Raty,2019,137,,,0,
908,17,Blake Heinrich,2013,185,,,0,
909,27,Marcus Westfalt,2018,161,,,0,
910,4,Isaiah Saville,2019,138,,,0,
911,26,Kevin Mandolese,2018,162,,,0,
914,31,Dawson Barteaux,2018,163,,,0,
915,17,David Drake,2013,192,,,0,
916,20,Anthony Brodeur,2013,193,,,0,
917,11,Janne Juvonen,2013,194,,,0,
918,12,Mike Callahan,2018,164,,,0,
919,21,Blaine Byron,2013,196,,,0,
920,24,Jacob Jackson,2013,197,,,0,
921,7,Hugh McGing,2018,165,,,0,
922,18,Mark Kastelic,2019,139,,,0,
923,24,Chris Leblanc,2013,199,,,0,
924,19,Anthony Louis,2013,200,,,0,
925,1,Shamil Shmakov,2018,197,,,0,
926,4,Patrick Moynihan,2019,140,,,0,
928,6,Cole Koepke,2018,166,,,0,
929,29,Emil Galimov,2013,204,,,0,
930,30,Alexander Dergachyov,2015,55,,,0,
931,13,Mike Williamson,2013,205,,,0,
933,15,Jacob Ingham,2018,167,,,0,
934,3,Shawn Boudrias,2018,168,,,0,
935,7,Aleksi Makela,2013,206,,,0,
936,10,Kyle Burroughs,2013,207,,,0,
937,7,Alex Kannok-Leipert,2018,169,,,0,
938,29,Troy Josephs,2013,209,,,0,
940,12,Eric Hjorth,2019,141,,,0,
941,7,Dustyn McFaul,2018,170,,,0,
942,4,Mitchell Gibson,2018,171,,,0,
943,21,Matt Spencer,2015,58,,,0,
944,29,Magnus Chrona,2018,172,,,0,
945,14,John Nyberg,2014,164,,,0,
946,19,Michael Kesselring,2018,173,,,0,
948,8,Miska Kukkonen,2018,174,,,0,
949,22,Tim Berni,2018,175,,,0,
950,15,Julien Nantel,2014,166,,,0,
951,11,Nikola Pasic,2019,142,,,0,
952,20,Joey Dudek,2014,168,,,0,
954,18,Jesper Sellgren,2018,176,,,0,
955,23,Samuel Sjolund,2019,143,,,0,
956,3,William Worge-Kreu,2018,177,,,0,
957,29,Mitchell Hoelscher,2018,178,,,0,
958,9,Artyom Manukyan,2018,179,,,0,
959,31,Justin Schutz,2018,180,,,0,
960,26,John Leonard,2018,181,,,0,
961,8,David Tendeck,2018,182,,,0,
962,31,Gavin Hain,2018,183,,,0,
964,17,Hayden Hawkey,2014,174,,,0,
965,4,Eric Florchuk,2018,184,,,0,
966,28,Simon Kjellberg,2018,185,,,0,
967,9,Radel Fazleev,2014,175,,,0,
970,17,Tyler Vesel,2014,178,,,0,
972,29,Zachary Emond,2018,186,,,0,
973,22,Sam Hentges,2018,198,,,0,
974,3,Jared Moe,2018,187,,,0,
975,2,Eetu Pakkila,2018,199,,,0,
976,4,Trevor Janicke,2019,144,,,0,
977,14,Josiah Slavin,2018,201,,,0,
978,8,Brett Stapley,2018,202,,,0,
979,21,Daniel Walcott,2014,184,,,0,
980,29,Tyler Nanne,2014,185,,,0,
981,5,Otto Kivenmaki,2018,203,,,0,
982,4,Kirill Slepets,2019,145,,,0,
983,11,Christian Krygier,2018,204,,,0,
984,7,Cristiano Digiacinto,2014,187,,,0,
985,8,Luke Loheit,2018,205,,,0,
986,20,Steven Spinner,2014,189,,,0,
987,11,Cole Krygier,2018,206,,,0,
988,22,Danil Savunov,2019,210,,,0,
989,23,Patrik Siikanen,2018,207,,,0,
990,19,David Westlund,2014,192,,,0,
991,7,Riley Hughes,2018,208,,,0,
992,28,Santtu Kinnunen,2018,209,,,0,
993,17,Zachary Bouthillier,2018,210,,,0,
994,11,Jordan Kooy,2018,211,,,0,
995,22,Ty Taylor,2018,212,,,0,
996,25,Jack Ramsey,2014,195,,,0,
997,8,Jake Kucharski,2018,213,,,0,
998,4,Frederik Nissen,2019,146,,,0,
999,12,Pavel Shen,2018,214,,,0,
1000,4,Ethan Haider,2019,147,,,0,
1001,25,Milan Kloucek,2018,215,,,0,
1003,4,Matias Mantykivi,2019,148,,,0,
1004,4,Case McCarthy,2019,149,,,0,
1005,11,Sam Brittain,2010,123,,,0,
1006,4,Blake Murray,2019,150,,,0,
1007,4,Valentin Nussbaumer,2019,151,,,0,
1008,4,Arturs Silovs,2019,152,,,0,
1010,8,Nick Abruzzese,2019,153,,,0,
1011,15,Roman Bychkov,2019,154,,,0,
1012,23,Elmer Soderblom,2019,155,,,0,
1013,29,Roddy Ross,2019,156,,,0,
1014,25,Hunter Skinner,2019,157,,,0,
1015,12,Maxwell Crozier,2019,158,,,0,
1016,6,Egor Serdyuk,2019,159,,,0,
1017,5,Benjamin Gallacher,2010,127,,,0,
1018,17,Jesper Pettersson,2014,204,,,0,
1019,15,Kim Nousiainen,2019,160,,,0,
1020,25,Jacob Leguerrier,2019,161,,,0,
1021,24,Kevin Elgestal,2014,205,,,0,
1022,17,Felix Bibeau,2019,162,,,0,
1023,27,Jack Malone,2019,163,,,0,
1024,12,Cooper Moore,2019,164,,,0,
1025,19,Martin Has,2019,165,,,0,
1026,9,Luka Burzan,2019,166,,,0,
1028,5,Tomas Mazura,2019,167,,,0,
1029,20,Patrick Sanvido,2014,209,,,0,
1031,9,Aidan Mcdonough,2019,168,,,0,
1032,28,Mike Koster,2019,169,,,0,
1033,5,Cole Moberg,2019,170,,,0,
1034,17,Matthew Wedman,2019,171,,,0,
1036,11,Erik Foley,2015,65,,,0,
1037,12,Will Francis,2019,172,,,0,
1038,11,Mathew Hill,2019,173,,,0,
1039,7,Keean Washkurak,2019,174,,,0,
1040,21,Graham Knott,2015,68,,,0,
1041,28,Josh Nodler,2019,175,,,0,
1043,11,Cole Brady,2019,176,,,0,
1044,1,Julius Nattinen,2015,71,,,0,
1045,13,Daniel Vladar,2015,72,,,0,
1046,9,Mikhail Shalagin,2019,177,,,0,
1048,1,Callum Booth,2015,75,,,0,
1051,27,Nikita Korostelev,2015,78,,,0,
1052,28,Gustav Berglund,2019,211,,,0,
1056,6,Aleksi Saarela,2015,83,,,0,
1060,29,Jesper Lindgren,2015,87,,,0,
1061,11,Filip Ahl,2015,88,,,0,
1062,11,Brad Morrison,2015,89,,,0,
1063,7,Adam Edstrom,2019,178,,,0,
1066,30,Andrei Mironov,2015,92,,,0,
1068,14,Bryce Brodzinski,2019,179,,,0,
1072,7,Logan Neaton,2019,180,,,0,
1074,17,Chris Martenet,2015,99,,,0,
1075,5,Martins Dzierkals,2015,100,,,0,
1076,9,Valtteri Puustinen,2019,182,,,0,
1077,23,Lukas Rousek,2019,183,,,0,
1079,29,Arsen Khisamutdinov,2019,184,,,0,
1080,27,Karel Plasek,2019,185,,,0,
1081,18,Quinn Schmiemann,2019,186,,,0,
1082,13,Joren van Pottelberghe,2015,105,,,0,
1083,1,Jesse Gabrielle,2015,106,,,0,
1084,22,Braden Doyle,2019,187,,,0,
1086,27,Carson Focht,2019,188,,,0,
1087,22,Andre Lee,2019,189,,,0,
1089,22,Juuso Parssinen,2019,190,,,0,
1090,22,Kevin Wall,2019,191,,,0,
1091,22,Nikita Nesterenko,2019,192,,,0,
1093,14,Benjamin Marshall,2010,143,,,0,
1094,19,Veeti Vainio,2015,111,,,0,
1095,7,Kalle Loponen,2019,193,,,0,
1096,7,Timur Ibragimov,2019,194,,,0,
1098,22,Maxence Guenette,2019,195,,,0,
1099,22,Ben Brinkman,2019,196,,,0,
1104,22,Anthony Romano,2019,197,,,0,
1105,25,Dominic Basse,2019,198,,,0,
1107,22,Vadim Zherenko,2019,199,,,0,
1108,22,Maxim Denezhkin,2019,200,,,0,
1109,7,Isak Walther,2019,201,,,0,
1110,2,Ales Stezka,2015,117,,,0,
1111,2,Santeri Airola,2019,202,,,0,
1112,22,Axel Bergkvist,2019,203,,,0,
1113,22,Tyler Angle,2019,204,,,0,
1114,26,Chase Pearson,2015,120,,,0,
1115,23,Kirill Kaprizov,2015,121,,,0,
1116,22,Greg Meireles,2019,205,,,0,
1117,13,Stephen Desrocher,2015,123,,,0,
1119,28,Carter Gylander,2019,206,,,0,
1120,2,Santeri Hatakka,2019,212,,,0,
1122,28,Brendan Warren,2015,126,,,0,
1124,12,Adam Huska,2015,128,,,0,
1125,26,Mike Robinson,2015,129,,,0,
1126,19,Jake Schmaltz,2019,213,,,0,
1127,7,Massimo Rizzo,2019,214,,,0,
1129,7,Cole Coskey,2019,215,,,0,
1132,8,Will Borgen,2015,134,,,0,
1133,11,David Cotton,2015,135,,,0,
1134,25,McKade Webster,2019,216,,,0,
1135,2,Kieran Ruscheinski,2019,217,,,0,
1136,13,Chris Wilkie,2015,138,,,0,
1142,13,Ziyat Paygin,2015,144,,,0,
1145,27,Gustav Bouramman,2015,147,,,0,
1150,20,Luke Stevens,2015,151,,,0,
1153,18,Ryan Shea,2015,154,,,0,
1155,2,Markus Ruusu,2015,156,,,0,
1157,27,Karel Vejmelka,2015,158,,,0,
1158,10,Matt Bradley,2015,159,,,0,
1161,11,Roy Radke,2015,162,,,0,
1162,23,Erik Kallgren,2015,163,,,0,
1165,17,Jeremiah Addison,2015,165,,,0,
1166,26,Karlis Cukste,2015,166,,,0,
1167,8,Ryan Zuhlsdorf,2015,167,,,0,
1169,11,Chaz Reddekopp,2015,168,,,0,
1170,13,Karch Bachman,2015,169,,,0,
1172,1,Cameron Hughes,2015,170,,,0,
1173,30,Frederik Tiffels,2015,171,,,0,
1174,21,Patrick Holway,2015,172,,,0,
1178,13,Sergei Boikov,2015,174,,,0,
1180,20,Garrett Metcalf,2015,175,,,0,
1184,19,Kris Oldham,2015,178,,,0,
1186,27,Nikita Pavlychev,2015,180,,,0,
1188,29,Joel Daccord,2015,182,,,0,
1190,21,Connor Hobbs,2015,183,,,0,
1192,7,Gustav Olhaver,2015,184,,,0,
1193,20,Matt Schmalz,2015,185,,,0,
1196,2,Nick Boka,2015,186,,,0,
1197,11,Jack Sadek,2015,187,,,0,
1212,26,Colby Williams,2015,196,,,0,
1214,20,Bokondji Imama,2015,197,,,0,
1216,14,Evan Smith,2015,198,,,0,
1227,26,Patrick Shea,2015,203,,,0,
1229,29,John Dahlstrom,2015,204,,,0,
1230,14,Jake Kupsky,2015,205,,,0,
1232,11,Miroslav Svoboda,2015,207,,,0,
1236,10,Jack Becker,2015,209,,,0,
1244,30,Dmitri Kugryshev,0,0,,,0,
1302,7,Nikita Filatov,0,0,,,0,
1417,20,Ben Sexton,2009,203,,,0,
